<?xml version="1.0"?>
<h:html xmlns="http://www.w3.org/2002/xforms" xmlns:ev="http://www.w3.org/2001/xml-events" xmlns:h="http://www.w3.org/1999/xhtml" xmlns:jr="http://openrosa.org/javarosa" xmlns:odk="http://www.opendatakit.org/xforms" xmlns:orx="http://openrosa.org/xforms" xmlns:xsd="http://www.w3.org/2001/XMLSchema">
  <h:head>
    <h:title>Ushauri Registration – 20181102</h:title>
    <model>
      <itext>
        <translation default="true()" lang="English">
          <text id="/Registration_20181102/grpaitechinfo/mobile:label">
            <value>Phone Number</value>
          </text>
          <text id="/Registration_20181102/grpaitechinfo/name:label">
            <value>Name</value>
          </text>
          <text id="/Registration_20181102/grpaitechinfo/gender/2:label">
            <value>Female</value>
          </text>
          <text id="/Registration_20181102/deviceid:label">
            <value>Device</value>
          </text>
          <text id="/Registration_20181102/grpaitechinfo:label">
            <value>Member information</value>
          </text>
          <text id="/Registration_20181102/ragedate:label">
            <value>Date of Registration</value>
          </text>
          <text id="/Registration_20181102/grpaitechinfo/gender:label">
            <value>Gender</value>
          </text>
          <text id="/Registration_20181102/start_time:label">
            <value>Survey Start Time</value>
          </text>
          <text id="/Registration_20181102/end_time:label">
            <value>Survey End Time</value>
          </text>
          <text id="/Registration_20181102/grpaitechinfo/gender/1:label">
            <value>Male</value>
          </text>
          <text id="/Registration_20181102/grpaitechinfo/village:label">
            <value>Location/village</value>
          </text>
        </translation>
      </itext>
      <instance>
        <Registration_20181102 id="USHAURI-REG-20181102" version="20181102">
          <start_time/>
          <end_time/>
          <deviceid/>
          <ragedate/>
          <grpaitechinfo>
            <name/>
            <village/>
            <gender/>
            <mobile/>
          </grpaitechinfo>
          <meta>
            <instanceID/>
          </meta>
        </Registration_20181102>
      </instance>
      <bind jr:preload="timestamp" jr:preloadParams="start" nodeset="/Registration_20181102/start_time" type="dateTime"/>
      <bind jr:preload="timestamp" jr:preloadParams="end" nodeset="/Registration_20181102/end_time" type="dateTime"/>
      <bind jr:preload="property" jr:preloadParams="deviceid" nodeset="/Registration_20181102/deviceid" type="string"/>
      <bind jr:preload="date" jr:preloadParams="today" nodeset="/Registration_20181102/ragedate" type="date"/>
      <bind nodeset="/Registration_20181102/grpaitechinfo/name" required="true()" type="string"/>
      <bind nodeset="/Registration_20181102/grpaitechinfo/village" required="true()" type="string"/>
      <bind nodeset="/Registration_20181102/grpaitechinfo/gender" required="true()" type="select1"/>
      <bind nodeset="/Registration_20181102/grpaitechinfo/mobile" required="true()" type="string"/>
      <bind calculate="concat('uuid:', uuid())" nodeset="/Registration_20181102/meta/instanceID" readonly="true()" type="string"/>
    </model>
  </h:head>
  <h:body>
    <group appearance="field-list" ref="/Registration_20181102/grpaitechinfo">
      <label ref="jr:itext('/Registration_20181102/grpaitechinfo:label')"/>
      <input ref="/Registration_20181102/grpaitechinfo/name">
        <label ref="jr:itext('/Registration_20181102/grpaitechinfo/name:label')"/>
      </input>
      <input ref="/Registration_20181102/grpaitechinfo/village">
        <label ref="jr:itext('/Registration_20181102/grpaitechinfo/village:label')"/>
      </input>
      <select1 ref="/Registration_20181102/grpaitechinfo/gender">
        <label ref="jr:itext('/Registration_20181102/grpaitechinfo/gender:label')"/>
        <item>
          <label ref="jr:itext('/Registration_20181102/grpaitechinfo/gender/1:label')"/>
          <value>1</value>
        </item>
        <item>
          <label ref="jr:itext('/Registration_20181102/grpaitechinfo/gender/2:label')"/>
          <value>2</value>
        </item>
      </select1>
      <input ref="/Registration_20181102/grpaitechinfo/mobile">
        <label ref="jr:itext('/Registration_20181102/grpaitechinfo/mobile:label')"/>
      </input>
    </group>
  </h:body>
</h:html>
